Codigo Departamento,Nombre Departamento,Codigo Municipio,Nombre Municipio,Key
05,ANTIOQUIA,001,MEDELLIN,co-an
05,ANTIOQUIA,002,ABEJORRAL,co-an
05,ANTIOQUIA,004,ABRIAQUI,co-an
05,ANTIOQUIA,021,ALEJANDRIA,co-an
05,ANTIOQUIA,030,AMAGA,co-an
05,ANTIOQUIA,031,AMALFI,co-an
05,ANTIOQUIA,034,ANDES,co-an
05,ANTIOQUIA,036,ANGELOPOLIS,co-an
05,ANTIOQUIA,038,ANGOSTURA,co-an
05,ANTIOQUIA,040,ANORI,co-an
05,ANTIOQUIA,042,SANTAFE DE ANTIOQUIA,co-an
05,ANTIOQUIA,044,ANZA,co-an
05,ANTIOQUIA,045,APARTADO,co-an
05,ANTIOQUIA,051,ARBOLETES,co-an
05,ANTIOQUIA,055,ARGELIA,co-an
05,ANTIOQUIA,059,ARMENIA,co-an
05,ANTIOQUIA,079,BARBOSA,co-an
05,ANTIOQUIA,086,BELMIRA,co-an
05,ANTIOQUIA,088,BELLO,co-an
05,ANTIOQUIA,091,BETANIA,co-an
05,ANTIOQUIA,093,BETULIA,co-an
05,ANTIOQUIA,101,CIUDAD BOLIVAR,co-an
05,ANTIOQUIA,107,BRICEÑO,co-an
05,ANTIOQUIA,113,BURITICA,co-an
05,ANTIOQUIA,120,CACERES,co-an
05,ANTIOQUIA,125,CAICEDO,co-an
05,ANTIOQUIA,129,CALDAS,co-an
05,ANTIOQUIA,134,CAMPAMENTO,co-an
05,ANTIOQUIA,138,CAÑASGORDAS,co-an
05,ANTIOQUIA,142,CARACOLI,co-an
05,ANTIOQUIA,145,CARAMANTA,co-an
05,ANTIOQUIA,147,CAREPA,co-an
05,ANTIOQUIA,148,EL CARMEN DE VIBORAL,co-an
05,ANTIOQUIA,150,CAROLINA,co-an
05,ANTIOQUIA,154,CAUCASIA,co-an
05,ANTIOQUIA,172,CHIGORODO,co-an
05,ANTIOQUIA,190,CISNEROS,co-an
05,ANTIOQUIA,197,COCORNA,co-an
05,ANTIOQUIA,206,CONCEPCION,co-an
05,ANTIOQUIA,209,CONCORDIA,co-an
05,ANTIOQUIA,212,COPACABANA,co-an
05,ANTIOQUIA,234,DABEIBA,co-an
05,ANTIOQUIA,237,DON MATIAS,co-an
05,ANTIOQUIA,240,EBEJICO,co-an
05,ANTIOQUIA,250,EL BAGRE,co-an
05,ANTIOQUIA,264,ENTRERRIOS,co-an
05,ANTIOQUIA,266,ENVIGADO,co-an
05,ANTIOQUIA,282,FREDONIA,co-an
05,ANTIOQUIA,284,FRONTINO,co-an
05,ANTIOQUIA,306,GIRALDO,co-an
05,ANTIOQUIA,308,GIRARDOTA,co-an
05,ANTIOQUIA,310,GOMEZ PLATA,co-an
05,ANTIOQUIA,313,GRANADA,co-an
05,ANTIOQUIA,315,GUADALUPE,co-an
05,ANTIOQUIA,318,GUARNE,co-an
05,ANTIOQUIA,321,GUATAPE,co-an
05,ANTIOQUIA,347,HELICONIA,co-an
05,ANTIOQUIA,353,HISPANIA,co-an
05,ANTIOQUIA,360,ITAGÜI,co-an
05,ANTIOQUIA,360,ITAGUI,co-an
05,ANTIOQUIA,361,ITUANGO,co-an
05,ANTIOQUIA,364,JARDIN,co-an
05,ANTIOQUIA,368,JERICO,co-an
05,ANTIOQUIA,376,LA CEJA,co-an
05,ANTIOQUIA,380,LA ESTRELLA,co-an
05,ANTIOQUIA,390,LA PINTADA,co-an
05,ANTIOQUIA,400,LA UNION,co-an
05,ANTIOQUIA,411,LIBORINA,co-an
05,ANTIOQUIA,425,MACEO,co-an
05,ANTIOQUIA,440,MARINILLA,co-an
05,ANTIOQUIA,467,MONTEBELLO,co-an
05,ANTIOQUIA,475,MURINDO,co-an
05,ANTIOQUIA,480,MUTATA,co-an
05,ANTIOQUIA,483,NARIÑO,co-an
05,ANTIOQUIA,490,NECOCLI,co-an
05,ANTIOQUIA,495,NECHI,co-an
05,ANTIOQUIA,501,OLAYA,co-an
05,ANTIOQUIA,541,PEÐOL,co-an
05,ANTIOQUIA,543,PEQUE,co-an
05,ANTIOQUIA,576,PUEBLORRICO,co-an
05,ANTIOQUIA,579,PUERTO BERRIO,co-an
05,ANTIOQUIA,585,PUERTO NARE,co-an
05,ANTIOQUIA,591,PUERTO TRIUNFO,co-an
05,ANTIOQUIA,604,REMEDIOS,co-an
05,ANTIOQUIA,607,RETIRO,co-an
05,ANTIOQUIA,615,RIONEGRO,co-an
05,ANTIOQUIA,628,SABANALARGA,co-an
05,ANTIOQUIA,631,SABANETA,co-an
05,ANTIOQUIA,642,SALGAR,co-an
05,ANTIOQUIA,647,SAN ANDRES ISLAS,co-an
05,ANTIOQUIA,649,SAN CARLOS,co-an
05,ANTIOQUIA,652,SAN FRANCISCO,co-an
05,ANTIOQUIA,656,SAN JERONIMO,co-an
05,ANTIOQUIA,658,SAN JOSE DE LA MONTAÑA,co-an
05,ANTIOQUIA,659,SAN JUAN DE URABA,co-an
05,ANTIOQUIA,660,SAN LUIS,co-an
05,ANTIOQUIA,664,SAN PEDRO,co-an
05,ANTIOQUIA,665,SAN PEDRO DE URABA,co-an
05,ANTIOQUIA,667,SAN RAFAEL,co-an
05,ANTIOQUIA,670,SAN ROQUE,co-an
05,ANTIOQUIA,674,SAN VICENTE,co-an
05,ANTIOQUIA,679,SANTA BARBARA,co-an
05,ANTIOQUIA,686,SANTA ROSA DE OSOS,co-an
05,ANTIOQUIA,690,SANTO DOMINGO,co-an
05,ANTIOQUIA,697,EL SANTUARIO,co-an
05,ANTIOQUIA,736,SEGOVIA,co-an
05,ANTIOQUIA,756,SONSON,co-an
05,ANTIOQUIA,761,SOPETRAN,co-an
05,ANTIOQUIA,789,TAMESIS,co-an
05,ANTIOQUIA,790,TARAZA,co-an
05,ANTIOQUIA,792,TARSO,co-an
05,ANTIOQUIA,809,TITIRIBI,co-an
05,ANTIOQUIA,819,TOLEDO,co-an
05,ANTIOQUIA,837,TURBO,co-an
05,ANTIOQUIA,842,URAMITA,co-an
05,ANTIOQUIA,847,URRAO,co-an
05,ANTIOQUIA,854,VALDIVIA,co-an
05,ANTIOQUIA,856,VALPARAISO,co-an
05,ANTIOQUIA,858,VEGACHI,co-an
05,ANTIOQUIA,861,VENECIA,co-an
05,ANTIOQUIA,873,VIGIA DEL FUERTE,co-an
05,ANTIOQUIA,885,YALI,co-an
05,ANTIOQUIA,887,YARUMAL,co-an
05,ANTIOQUIA,890,YOLOMBO,co-an
05,ANTIOQUIA,893,YONDO,co-an
05,ANTIOQUIA,895,ZARAGOZA,co-an
08,ATLANTICO,001,BARRANQUILLA,co-at
08,ATLANTICO,078,BARANOA,co-at
08,ATLANTICO,137,CAMPO DE LA CRUZ,co-at
08,ATLANTICO,141,CANDELARIA,co-at
08,ATLANTICO,296,GALAPA,co-at
08,ATLANTICO,372,JUAN DE ACOSTA,co-at
08,ATLANTICO,421,LURUACO,co-at
08,ATLANTICO,433,MALAMBO,co-at
08,ATLANTICO,436,MANATI,co-at
08,ATLANTICO,520,PALMAR DE VARELA,co-at
08,ATLANTICO,549,PIOJO,co-at
08,ATLANTICO,558,POLONUEVO,co-at
08,ATLANTICO,560,PONEDERA,co-at
08,ATLANTICO,573,PUERTO COLOMBIA,co-at
08,ATLANTICO,606,REPELON,co-at
08,ATLANTICO,634,SABANAGRANDE,co-at
08,ATLANTICO,638,SABANALARGA,co-at
08,ATLANTICO,675,SANTA LUCIA,co-at
08,ATLANTICO,685,SANTO TOMAS,co-at
08,ATLANTICO,758,SOLEDAD,co-at
08,ATLANTICO,770,SUAN,co-at
08,ATLANTICO,832,TUBARA,co-at
08,ATLANTICO,849,USIACURI,co-at
11,BOGOTA,001,BOGOTA,co-1136
13,BOLIVAR,001,CARTAGENA,co-bl
13,BOLIVAR,006,ACHI,co-bl
13,BOLIVAR,030,ALTOS DEL ROSARIO,co-bl
13,BOLIVAR,042,ARENAL,co-bl
13,BOLIVAR,052,ARJONA,co-bl
13,BOLIVAR,062,ARROYOHONDO,co-bl
13,BOLIVAR,074,BARRANCO DE LOBA,co-bl
13,BOLIVAR,140,CALAMAR,co-bl
13,BOLIVAR,160,CANTAGALLO,co-bl
13,BOLIVAR,188,CICUCO,co-bl
13,BOLIVAR,212,CORDOBA,co-bl
13,BOLIVAR,222,CLEMENCIA,co-bl
13,BOLIVAR,244,EL CARMEN DE BOLIVAR,co-bl
13,BOLIVAR,248,EL GUAMO,co-bl
13,BOLIVAR,268,EL PEÑON,co-bl
13,BOLIVAR,300,HATILLO DE LOBA,co-bl
13,BOLIVAR,430,MAGANGUE,co-bl
13,BOLIVAR,433,MAHATES,co-bl
13,BOLIVAR,440,MARGARITA,co-bl
13,BOLIVAR,442,MARIA LA BAJA,co-bl
13,BOLIVAR,458,MONTECRISTO,co-bl
13,BOLIVAR,468,MOMPOS,co-bl
13,BOLIVAR,490,NOROSI,co-bl
13,BOLIVAR,473,MORALES,co-bl
13,BOLIVAR,549,PINILLOS,co-bl
13,BOLIVAR,580,REGIDOR,co-bl
13,BOLIVAR,600,RIO VIEJO,co-bl
13,BOLIVAR,620,SAN CRISTOBAL,co-bl
13,BOLIVAR,647,SAN ESTANISLAO,co-bl
13,BOLIVAR,650,SAN FERNANDO,co-bl
13,BOLIVAR,654,SAN JACINTO,co-bl
13,BOLIVAR,655,SAN JACINTO DEL CAUCA,co-bl
13,BOLIVAR,657,SAN JUAN NEPOMUCENO,co-bl
13,BOLIVAR,667,SAN MARTIN DE LOBA,co-bl
13,BOLIVAR,670,SAN PABLO,co-bl
13,BOLIVAR,673,SANTA CATALINA,co-bl
13,BOLIVAR,683,SANTA ROSA,co-bl
13,BOLIVAR,688,SANTA ROSA DEL SUR,co-bl
13,BOLIVAR,744,SIMITI,co-bl
13,BOLIVAR,760,SOPLAVIENTO,co-bl
13,BOLIVAR,780,TALAIGUA NUEVO,co-bl
13,BOLIVAR,810,TIQUISIO,co-bl
13,BOLIVAR,836,TURBACO,co-bl
13,BOLIVAR,838,TURBANA,co-bl
13,BOLIVAR,873,VILLANUEVA,co-bl
13,BOLIVAR,894,ZAMBRANO,co-bl
15,BOYACA,001,TUNJA,co-by
15,BOYACA,022,ALMEIDA,co-by
15,BOYACA,047,AQUITANIA,co-by
15,BOYACA,051,ARCABUCO,co-by
15,BOYACA,087,BELEN,co-by
15,BOYACA,090,BERBEO,co-by
15,BOYACA,092,BETEITIVA,co-by
15,BOYACA,097,BOAVITA,co-by
15,BOYACA,104,BOYACA,co-by
15,BOYACA,106,BRICEÑO,co-by
15,BOYACA,109,BUENAVISTA,co-by
15,BOYACA,114,BUSBANZA,co-by
15,BOYACA,131,CALDAS,co-by
15,BOYACA,135,CAMPOHERMOSO,co-by
15,BOYACA,162,CERINZA,co-by
15,BOYACA,172,CHINAVITA,co-by
15,BOYACA,176,CHIQUINQUIRA,co-by
15,BOYACA,180,CHISCAS,co-by
15,BOYACA,183,CHITA,co-by
15,BOYACA,185,CHITARAQUE,co-by
15,BOYACA,187,CHIVATA,co-by
15,BOYACA,189,CIENEGA,co-by
15,BOYACA,204,COMBITA,co-by
15,BOYACA,212,COPER,co-by
15,BOYACA,215,CORRALES,co-by
15,BOYACA,218,COVARACHIA,co-by
15,BOYACA,223,CUBARA,co-by
15,BOYACA,224,CUCAITA,co-by
15,BOYACA,226,CUITIVA,co-by
15,BOYACA,232,CHIQUIZA,co-by
15,BOYACA,236,CHIVOR,co-by
15,BOYACA,238,DUITAMA,co-by
15,BOYACA,244,EL COCUY,co-by
15,BOYACA,248,EL ESPINO,co-by
15,BOYACA,272,FIRAVITOBA,co-by
15,BOYACA,276,FLORESTA,co-by
15,BOYACA,293,GACHANTIVA,co-by
15,BOYACA,296,GAMEZA,co-by
15,BOYACA,299,GARAGOA,co-by
15,BOYACA,317,GUACAMAYAS,co-by
15,BOYACA,322,GUATEQUE,co-by
15,BOYACA,325,GUAYATA,co-by
15,BOYACA,332,GsICAN,co-by
15,BOYACA,362,IZA,co-by
15,BOYACA,367,JENESANO,co-by
15,BOYACA,368,JERICO,co-by
15,BOYACA,377,LABRANZAGRANDE,co-by
15,BOYACA,380,LA CAPILLA,co-by
15,BOYACA,401,LA VICTORIA,co-by
15,BOYACA,403,LA UVITA,co-by
15,BOYACA,407,VILLA DE LEYVA,co-by
15,BOYACA,425,MACANAL,co-by
15,BOYACA,442,MARIPI,co-by
15,BOYACA,455,MIRAFLORES,co-by
15,BOYACA,464,MONGUA,co-by
15,BOYACA,466,MONGUI,co-by
15,BOYACA,469,MONIQUIRA,co-by
15,BOYACA,476,MOTAVITA,co-by
15,BOYACA,480,MUZO,co-by
15,BOYACA,491,NOBSA,co-by
15,BOYACA,494,NUEVO COLON,co-by
15,BOYACA,500,OICATA,co-by
15,BOYACA,507,OTANCHE,co-by
15,BOYACA,511,PACHAVITA,co-by
15,BOYACA,514,PAEZ,co-by
15,BOYACA,516,PAIPA,co-by
15,BOYACA,518,PAJARITO,co-by
15,BOYACA,522,PANQUEBA,co-by
15,BOYACA,531,PAUNA,co-by
15,BOYACA,533,PAYA,co-by
15,BOYACA,537,PAZ DE RIO,co-by
15,BOYACA,542,PESCA,co-by
15,BOYACA,550,PISBA,co-by
15,BOYACA,572,PUERTO BOYACA,co-by
15,BOYACA,580,QUIPAMA,co-by
15,BOYACA,599,RAMIRIQUI,co-by
15,BOYACA,600,RAQUIRA,co-by
15,BOYACA,621,RONDON,co-by
15,BOYACA,632,SABOYA,co-by
15,BOYACA,638,SACHICA,co-by
15,BOYACA,646,SAMACA,co-by
15,BOYACA,660,SAN EDUARDO,co-by
15,BOYACA,664,SAN JOSE DE PARE,co-by
15,BOYACA,667,SAN LUIS DE GACENO,co-by
15,BOYACA,673,SAN MATEO,co-by
15,BOYACA,676,SAN MIGUEL DE SEMA,co-by
15,BOYACA,681,SAN PABLO DE BORBUR,co-by
15,BOYACA,686,SANTANA,co-by
15,BOYACA,690,SANTA MARIA,co-by
15,BOYACA,693,SANTA ROSA DE VITERBO,co-by
15,BOYACA,696,SANTA SOFIA,co-by
15,BOYACA,720,SATIVANORTE,co-by
15,BOYACA,723,SATIVASUR,co-by
15,BOYACA,740,SIACHOQUE,co-by
15,BOYACA,753,SOATA,co-by
15,BOYACA,755,SOCOTA,co-by
15,BOYACA,757,SOCHA,co-by
15,BOYACA,759,SOGAMOSO,co-by
15,BOYACA,761,SOMONDOCO,co-by
15,BOYACA,762,SORA,co-by
15,BOYACA,763,SOTAQUIRA,co-by
15,BOYACA,764,SORACA,co-by
15,BOYACA,774,SUSACON,co-by
15,BOYACA,776,SUTAMARCHAN,co-by
15,BOYACA,778,SUTATENZA,co-by
15,BOYACA,790,TASCO,co-by
15,BOYACA,798,TENZA,co-by
15,BOYACA,804,TIBANA,co-by
15,BOYACA,806,TIBASOSA,co-by
15,BOYACA,808,TINJACA,co-by
15,BOYACA,810,TIPACOQUE,co-by
15,BOYACA,814,TOCA,co-by
15,BOYACA,816,TOGsI,co-by
15,BOYACA,820,TOPAGA,co-by
15,BOYACA,822,TOTA,co-by
15,BOYACA,832,TUNUNGUA,co-by
15,BOYACA,835,TURMEQUE,co-by
15,BOYACA,837,TUTA,co-by
15,BOYACA,839,TUTAZA,co-by
15,BOYACA,842,UMBITA,co-by
15,BOYACA,861,VENTAQUEMADA,co-by
15,BOYACA,879,VIRACACHA,co-by
15,BOYACA,897,ZETAQUIRA,co-by
17,CALDAS,001,MANIZALES,co-cl
17,CALDAS,013,AGUADAS,co-cl
17,CALDAS,042,ANSERMA,co-cl
17,CALDAS,050,ARANZAZU,co-cl
17,CALDAS,088,BELALCAZAR,co-cl
17,CALDAS,174,CHINCHINA,co-cl
17,CALDAS,272,FILADELFIA,co-cl
17,CALDAS,380,LA DORADA,co-cl
17,CALDAS,388,LA MERCED,co-cl
17,CALDAS,433,MANZANARES,co-cl
17,CALDAS,442,MARMATO,co-cl
17,CALDAS,444,MARQUETALIA,co-cl
17,CALDAS,446,MARULANDA,co-cl
17,CALDAS,486,NEIRA,co-cl
17,CALDAS,495,NORCASIA,co-cl
17,CALDAS,513,PACORA,co-cl
17,CALDAS,524,PALESTINA,co-cl
17,CALDAS,541,PENSILVANIA,co-cl
17,CALDAS,614,RIOSUCIO,co-cl
17,CALDAS,616,RISARALDA,co-cl
17,CALDAS,653,SALAMINA,co-cl
17,CALDAS,662,SAMANA,co-cl
17,CALDAS,665,SAN JOSE,co-cl
17,CALDAS,777,SUPIA,co-cl
17,CALDAS,867,VICTORIA,co-cl
17,CALDAS,873,VILLAMARIA,co-cl
17,CALDAS,877,VITERBO,co-cl
18,CAQUETA,001,FLORENCIA,co-cq
18,CAQUETA,029,ALBANIA,co-cq
18,CAQUETA,094,BELEN DE LOS ANDAQUIES,co-cq
18,CAQUETA,150,CARTAGENA DEL CHAIRA,co-cq
18,CAQUETA,205,CURILLO,co-cq
18,CAQUETA,247,EL DONCELLO,co-cq
18,CAQUETA,256,EL PAUJIL,co-cq
18,CAQUETA,410,LA MONTAÑITA,co-cq
18,CAQUETA,460,MILAN,co-cq
18,CAQUETA,479,MORELIA,co-cq
18,CAQUETA,592,PUERTO RICO,co-cq
18,CAQUETA,610,SAN JOSE DEL FRAGUA,co-cq
18,CAQUETA,753,SAN VICENTE DEL CAGUAN,co-cq
18,CAQUETA,756,SOLANO,co-cq
18,CAQUETA,785,SOLITA,co-cq
18,CAQUETA,860,VALPARAISO,co-cq
19,CAUCA,001,POPAYAN,co-ca
19,CAUCA,022,ALMAGUER,co-ca
19,CAUCA,050,ARGELIA,co-ca
19,CAUCA,075,BALBOA,co-ca
19,CAUCA,100,BOLIVAR,co-ca
19,CAUCA,110,BUENOS AIRES,co-ca
19,CAUCA,130,CAJIBIO,co-ca
19,CAUCA,137,CALDONO,co-ca
19,CAUCA,142,CALOTO,co-ca
19,CAUCA,212,CORINTO,co-ca
19,CAUCA,256,EL TAMBO,co-ca
19,CAUCA,290,FLORENCIA,co-ca
19,CAUCA,300,"GUACHENE",co-ca
19,CAUCA,318,GUAPI,co-ca
19,CAUCA,355,INZA,co-ca
19,CAUCA,364,JAMBALO,co-ca
19,CAUCA,392,LA SIERRA,co-ca
19,CAUCA,397,LA VEGA,co-ca
19,CAUCA,418,LOPEZ,co-ca
19,CAUCA,450,MERCADERES,co-ca
19,CAUCA,455,MIRANDA,co-ca
19,CAUCA,473,MORALES,co-ca
19,CAUCA,513,PADILLA,co-ca
19,CAUCA,517,PAEZ,co-ca
19,CAUCA,532,PATIA,co-ca
19,CAUCA,533,PIAMONTE,co-ca
19,CAUCA,548,PIENDAMO,co-ca
19,CAUCA,573,PUERTO TEJADA,co-ca
19,CAUCA,585,PURACE,co-ca
19,CAUCA,622,ROSAS,co-ca
19,CAUCA,693,SAN SEBASTIAN,co-ca
19,CAUCA,698,SANTANDER DE QUILICHAO,co-ca
19,CAUCA,701,SANTA ROSA,co-ca
19,CAUCA,743,SILVIA,co-ca
19,CAUCA,760,SOTARA,co-ca
19,CAUCA,780,SUAREZ,co-ca
19,CAUCA,785,SUCRE,co-ca
19,CAUCA,807,TIMBIO,co-ca
19,CAUCA,809,TIMBIQUI,co-ca
19,CAUCA,821,TORIBIO,co-ca
19,CAUCA,824,TOTORO,co-ca
19,CAUCA,845,VILLA RICA,co-ca
20,CESAR,001,VALLEDUPAR,co-ce
20,CESAR,011,AGUACHICA,co-ce
20,CESAR,013,AGUSTIN CODAZZI,co-ce
20,CESAR,032,ASTREA,co-ce
20,CESAR,045,BECERRIL,co-ce
20,CESAR,060,BOSCONIA,co-ce
20,CESAR,175,CHIMICHAGUA,co-ce
20,CESAR,178,CHIRIGUANA,co-ce
20,CESAR,228,CURUMANI,co-ce
20,CESAR,238,EL COPEY,co-ce
20,CESAR,250,EL PASO,co-ce
20,CESAR,295,GAMARRA,co-ce
20,CESAR,310,GONZALEZ,co-ce
20,CESAR,383,LA GLORIA,co-ce
20,CESAR,400,LA JAGUA DE IBIRICO,co-ce
20,CESAR,443,MANAURE,co-ce
20,CESAR,517,PAILITAS,co-ce
20,CESAR,550,PELAYA,co-ce
20,CESAR,570,PUEBLO BELLO,co-ce
20,CESAR,614,RIO DE ORO,co-ce
20,CESAR,621,LA PAZ,co-ce
20,CESAR,710,SAN ALBERTO,co-ce
20,CESAR,750,SAN DIEGO,co-ce
20,CESAR,770,SAN MARTIN,co-ce
20,CESAR,787,TAMALAMEQUE,co-ce
23,CORDOBA,001,MONTERIA,co-co
23,CORDOBA,068,AYAPEL,co-co
23,CORDOBA,079,BUENAVISTA,co-co
23,CORDOBA,090,CANALETE,co-co
23,CORDOBA,162,CERETE,co-co
23,CORDOBA,168,CHIMA,co-co
23,CORDOBA,182,CHINU,co-co
23,CORDOBA,189,CIENAGA DE ORO,co-co
23,CORDOBA,300,COTORRA,co-co
23,CORDOBA,350,LA APARTADA,co-co
23,CORDOBA,417,LORICA,co-co
23,CORDOBA,419,LOS CORDOBAS,co-co
23,CORDOBA,464,MOMIL,co-co
23,CORDOBA,466,MONTELIBANO,co-co
23,CORDOBA,500,MOÑITOS,co-co
23,CORDOBA,555,PLANETA RICA,co-co
23,CORDOBA,570,PUEBLO NUEVO,co-co
23,CORDOBA,574,PUERTO ESCONDIDO,co-co
23,CORDOBA,580,PUERTO LIBERTADOR,co-co
23,CORDOBA,586,PURISIMA,co-co
23,CORDOBA,660,SAHAGUN,co-co
23,CORDOBA,670,SAN ANDRES SOTAVENTO,co-co
23,CORDOBA,672,SAN ANTERO,co-co
23,CORDOBA,675,SAN BERNARDO DEL VIENTO,co-co
23,CORDOBA,678,SAN CARLOS,co-co
23,CORDOBA,686,SAN PELAYO,co-co
23,CORDOBA,807,TIERRALTA,co-co
23,CORDOBA,855,VALENCIA,co-co
25,CUNDINAMARCA,001,AGUA DE DIOS,co-cu
25,CUNDINAMARCA,019,ALBAN,co-cu
25,CUNDINAMARCA,035,ANAPOIMA,co-cu
25,CUNDINAMARCA,040,ANOLAIMA,co-cu
25,CUNDINAMARCA,053,ARBELAEZ,co-cu
25,CUNDINAMARCA,086,BELTRAN,co-cu
25,CUNDINAMARCA,095,BITUIMA,co-cu
25,CUNDINAMARCA,099,BOJACA,co-cu
25,CUNDINAMARCA,120,CABRERA,co-cu
25,CUNDINAMARCA,123,CACHIPAY,co-cu
25,CUNDINAMARCA,126,CAJICA,co-cu
25,CUNDINAMARCA,148,CAPARRAPI,co-cu
25,CUNDINAMARCA,151,CAQUEZA,co-cu
25,CUNDINAMARCA,154,CARMEN DE CARUPA,co-cu
25,CUNDINAMARCA,168,CHAGUANI,co-cu
25,CUNDINAMARCA,175,CHIA,co-cu
25,CUNDINAMARCA,178,CHIPAQUE,co-cu
25,CUNDINAMARCA,181,CHOACHI,co-cu
25,CUNDINAMARCA,183,CHOCONTA,co-cu
25,CUNDINAMARCA,200,COGUA,co-cu
25,CUNDINAMARCA,214,COTA,co-cu
25,CUNDINAMARCA,224,CUCUNUBA,co-cu
25,CUNDINAMARCA,245,EL COLEGIO,co-cu
25,CUNDINAMARCA,258,EL PEÑON,co-cu
25,CUNDINAMARCA,260,EL ROSAL,co-cu
25,CUNDINAMARCA,269,FACATATIVA,co-cu
25,CUNDINAMARCA,279,FOMEQUE,co-cu
25,CUNDINAMARCA,281,FOSCA,co-cu
25,CUNDINAMARCA,286,FUNZA,co-cu
25,CUNDINAMARCA,288,FUQUENE,co-cu
25,CUNDINAMARCA,290,FUSAGASUGA,co-cu
25,CUNDINAMARCA,293,GACHALA,co-cu
25,CUNDINAMARCA,295,GACHANCIPA,co-cu
25,CUNDINAMARCA,297,GACHETA,co-cu
25,CUNDINAMARCA,299,GAMA,co-cu
25,CUNDINAMARCA,307,GIRARDOT,co-cu
25,CUNDINAMARCA,312,GRANADA,co-cu
25,CUNDINAMARCA,317,GUACHETA,co-cu
25,CUNDINAMARCA,320,GUADUAS,co-cu
25,CUNDINAMARCA,322,GUASCA,co-cu
25,CUNDINAMARCA,324,GUATAQUI,co-cu
25,CUNDINAMARCA,326,GUATAVITA,co-cu
25,CUNDINAMARCA,328,GUAYABAL DE SIQUIMA,co-cu
25,CUNDINAMARCA,335,GUAYABETAL,co-cu
25,CUNDINAMARCA,339,GUTIERREZ,co-cu
25,CUNDINAMARCA,368,JERUSALEN,co-cu
25,CUNDINAMARCA,372,JUNIN,co-cu
25,CUNDINAMARCA,377,LA CALERA,co-cu
25,CUNDINAMARCA,386,LA MESA,co-cu
25,CUNDINAMARCA,394,LA PALMA,co-cu
25,CUNDINAMARCA,398,LA PEÑA,co-cu
25,CUNDINAMARCA,402,LA VEGA,co-cu
25,CUNDINAMARCA,407,LENGUAZAQUE,co-cu
25,CUNDINAMARCA,426,MACHETA,co-cu
25,CUNDINAMARCA,430,MADRID,co-cu
25,CUNDINAMARCA,436,MANTA,co-cu
25,CUNDINAMARCA,438,MEDINA,co-cu
25,CUNDINAMARCA,473,MOSQUERA,co-cu
25,CUNDINAMARCA,483,NARIÑO,co-cu
25,CUNDINAMARCA,486,NEMOCON,co-cu
25,CUNDINAMARCA,488,NILO,co-cu
25,CUNDINAMARCA,489,NIMAIMA,co-cu
25,CUNDINAMARCA,491,NOCAIMA,co-cu
25,CUNDINAMARCA,506,VENECIA,co-cu
25,CUNDINAMARCA,513,PACHO,co-cu
25,CUNDINAMARCA,518,PAIME,co-cu
25,CUNDINAMARCA,524,PANDI,co-cu
25,CUNDINAMARCA,530,PARATEBUENO,co-cu
25,CUNDINAMARCA,535,PASCA,co-cu
25,CUNDINAMARCA,572,PUERTO SALGAR,co-cu
25,CUNDINAMARCA,580,PULI,co-cu
25,CUNDINAMARCA,592,QUEBRADANEGRA,co-cu
25,CUNDINAMARCA,594,QUETAME,co-cu
25,CUNDINAMARCA,596,QUIPILE,co-cu
25,CUNDINAMARCA,599,APULO,co-cu
25,CUNDINAMARCA,612,RICAURTE,co-cu
25,CUNDINAMARCA,645,SAN ANTONIO DEL TEQUENDAMA,co-cu
25,CUNDINAMARCA,649,SAN BERNARDO,co-cu
25,CUNDINAMARCA,653,SAN CAYETANO,co-cu
25,CUNDINAMARCA,658,SAN FRANCISCO,co-cu
25,CUNDINAMARCA,662,SAN JUAN DE RIO SECO,co-cu
25,CUNDINAMARCA,718,SASAIMA,co-cu
25,CUNDINAMARCA,736,SESQUILE,co-cu
25,CUNDINAMARCA,740,SIBATE,co-cu
25,CUNDINAMARCA,743,SILVANIA,co-cu
25,CUNDINAMARCA,745,SIMIJACA,co-cu
25,CUNDINAMARCA,754,SOACHA,co-cu
25,CUNDINAMARCA,758,SOPO,co-cu
25,CUNDINAMARCA,769,SUBACHOQUE,co-cu
25,CUNDINAMARCA,772,SUESCA,co-cu
25,CUNDINAMARCA,777,SUPATA,co-cu
25,CUNDINAMARCA,779,SUSA,co-cu
25,CUNDINAMARCA,781,SUTATAUSA,co-cu
25,CUNDINAMARCA,785,TABIO,co-cu
25,CUNDINAMARCA,793,TAUSA,co-cu
25,CUNDINAMARCA,797,TENA,co-cu
25,CUNDINAMARCA,799,TENJO,co-cu
25,CUNDINAMARCA,805,TIBACUY,co-cu
25,CUNDINAMARCA,807,TIBIRITA,co-cu
25,CUNDINAMARCA,815,TOCAIMA,co-cu
25,CUNDINAMARCA,817,TOCANCIPA,co-cu
25,CUNDINAMARCA,823,TOPAIPI,co-cu
25,CUNDINAMARCA,839,UBALA,co-cu
25,CUNDINAMARCA,841,UBAQUE,co-cu
25,CUNDINAMARCA,843,VILLA DE SAN DIEGO DE UBATE,co-cu
25,CUNDINAMARCA,845,UNE,co-cu
25,CUNDINAMARCA,851,UTICA,co-cu
25,CUNDINAMARCA,862,VERGARA,co-cu
25,CUNDINAMARCA,867,VIANI,co-cu
25,CUNDINAMARCA,871,VILLAGOMEZ,co-cu
25,CUNDINAMARCA,873,VILLAPINZON,co-cu
25,CUNDINAMARCA,875,VILLETA,co-cu
25,CUNDINAMARCA,878,VIOTA,co-cu
25,CUNDINAMARCA,885,YACOPI,co-cu
25,CUNDINAMARCA,898,ZIPACON,co-cu
25,CUNDINAMARCA,899,ZIPAQUIRA,co-cu
27,CHOCO,001,QUIBDO,co-ch
27,CHOCO,006,ACANDI,co-ch
27,CHOCO,025,ALTO BAUDO,co-ch
27,CHOCO,050,ATRATO,co-ch
27,CHOCO,073,BAGADO,co-ch
27,CHOCO,075,BAHIA SOLANO,co-ch
27,CHOCO,077,BAJO BAUDO,co-ch
27,CHOCO,099,BOJAYA,co-ch
27,CHOCO,135,EL CANTON DEL SAN PABLO,co-ch
27,CHOCO,150,CARMEN DEL DARIEN,co-ch
27,CHOCO,160,CERTEGUI,co-ch
27,CHOCO,205,CONDOTO,co-ch
27,CHOCO,245,EL CARMEN DE ATRATO,co-ch
27,CHOCO,250,EL LITORAL DEL SAN JUAN,co-ch
27,CHOCO,361,ISTMINA,co-ch
27,CHOCO,372,JURADO,co-ch
27,CHOCO,413,LLORO,co-ch
27,CHOCO,425,MEDIO ATRATO,co-ch
27,CHOCO,430,MEDIO BAUDO,co-ch
27,CHOCO,450,MEDIO SAN JUAN,co-ch
27,CHOCO,491,NOVITA,co-ch
27,CHOCO,495,NUQUI,co-ch
27,CHOCO,580,RIO IRO,co-ch
27,CHOCO,600,RIO QUITO,co-ch
27,CHOCO,615,RIOSUCIO,co-ch
27,CHOCO,660,SAN JOSE DEL PALMAR,co-ch
27,CHOCO,745,SIPI,co-ch
27,CHOCO,787,TADO,co-ch
27,CHOCO,800,UNGUIA,co-ch
27,CHOCO,810,UNION PANAMERICANA,co-ch
41,HUILA,001,NEIVA,co-hu
41,HUILA,006,ACEVEDO,co-hu
41,HUILA,013,AGRADO,co-hu
41,HUILA,016,AIPE,co-hu
41,HUILA,020,ALGECIRAS,co-hu
41,HUILA,026,ALTAMIRA,co-hu
41,HUILA,078,BARAYA,co-hu
41,HUILA,132,CAMPOALEGRE,co-hu
41,HUILA,206,COLOMBIA,co-hu
41,HUILA,244,ELIAS,co-hu
41,HUILA,298,GARZON,co-hu
41,HUILA,306,GIGANTE,co-hu
41,HUILA,319,GUADALUPE,co-hu
41,HUILA,349,HOBO,co-hu
41,HUILA,357,IQUIRA,co-hu
41,HUILA,359,ISNOS,co-hu
41,HUILA,378,LA ARGENTINA,co-hu
41,HUILA,396,LA PLATA,co-hu
41,HUILA,483,NATAGA,co-hu
41,HUILA,503,OPORAPA,co-hu
41,HUILA,518,PAICOL,co-hu
41,HUILA,524,PALERMO,co-hu
41,HUILA,530,PALESTINA,co-hu
41,HUILA,548,PITAL,co-hu
41,HUILA,551,PITALITO,co-hu
41,HUILA,615,RIVERA,co-hu
41,HUILA,660,SALADOBLANCO,co-hu
41,HUILA,668,SAN AGUSTIN,co-hu
41,HUILA,676,SANTA MARIA,co-hu
41,HUILA,770,SUAZA,co-hu
41,HUILA,791,TARQUI,co-hu
41,HUILA,797,TESALIA,co-hu
41,HUILA,799,TELLO,co-hu
41,HUILA,801,TERUEL,co-hu
41,HUILA,807,TIMANA,co-hu
41,HUILA,872,VILLAVIEJA,co-hu
41,HUILA,885,YAGUARA,co-hu
44,LA GUAJIRA,001,RIOHACHA,co-lg
44,LA GUAJIRA,035,ALBANIA,co-lg
44,LA GUAJIRA,078,BARRANCAS,co-lg
44,LA GUAJIRA,090,DIBULLA,co-lg
44,LA GUAJIRA,098,DISTRACCION,co-lg
44,LA GUAJIRA,110,EL MOLINO,co-lg
44,LA GUAJIRA,279,FONSECA,co-lg
44,LA GUAJIRA,378,HATONUEVO,co-lg
44,LA GUAJIRA,420,LA JAGUA DEL PILAR,co-lg
44,LA GUAJIRA,430,MAICAO,co-lg
44,LA GUAJIRA,560,MANAURE,co-lg
44,LA GUAJIRA,650,SAN JUAN DEL CESAR,co-lg
44,LA GUAJIRA,847,URIBIA,co-lg
44,LA GUAJIRA,855,URUMITA,co-lg
44,LA GUAJIRA,874,VILLANUEVA,co-lg
47,MAGDALENA,001,SANTA MARTA,co-ma
47,MAGDALENA,030,ALGARROBO,co-ma
47,MAGDALENA,053,ARACATACA,co-ma
47,MAGDALENA,058,ARIGUANI,co-ma
47,MAGDALENA,161,CERRO SAN ANTONIO,co-ma
47,MAGDALENA,170,CHIBOLO,co-ma
47,MAGDALENA,189,CIENAGA,co-ma
47,MAGDALENA,205,CONCORDIA,co-ma
47,MAGDALENA,245,EL BANCO,co-ma
47,MAGDALENA,258,EL PIÑON,co-ma
47,MAGDALENA,268,EL RETEN,co-ma
47,MAGDALENA,288,FUNDACION,co-ma
47,MAGDALENA,318,GUAMAL,co-ma
47,MAGDALENA,460,NUEVA GRANADA,co-ma
47,MAGDALENA,541,PEDRAZA,co-ma
47,MAGDALENA,545,PIJIÑO DEL CARMEN,co-ma
47,MAGDALENA,551,PIVIJAY,co-ma
47,MAGDALENA,555,PLATO,co-ma
47,MAGDALENA,570,PUEBLOVIEJO,co-ma
47,MAGDALENA,605,REMOLINO,co-ma
47,MAGDALENA,660,SABANAS DE SAN ANGEL,co-ma
47,MAGDALENA,675,SALAMINA,co-ma
47,MAGDALENA,692,SAN SEBASTIAN DE BUENAVISTA,co-ma
47,MAGDALENA,703,SAN ZENON,co-ma
47,MAGDALENA,707,SANTA ANA,co-ma
47,MAGDALENA,720,SANTA BARBARA DE PINTO,co-ma
47,MAGDALENA,745,SITIONUEVO,co-ma
47,MAGDALENA,798,TENERIFE,co-ma
47,MAGDALENA,960,ZAPAYAN,co-ma
47,MAGDALENA,980,ZONA BANANERA,co-ma
50,META,001,VILLAVICENCIO,co-me
50,META,006,ACACIAS,co-me
50,META,110,BARRANCA DE UPIA,co-me
50,META,124,CABUYARO,co-me
50,META,150,CASTILLA LA NUEVA,co-me
50,META,223,CUBARRAL,co-me
50,META,226,CUMARAL,co-me
50,META,245,EL CALVARIO,co-me
50,META,251,EL CASTILLO,co-me
50,META,270,EL DORADO,co-me
50,META,287,FUENTE DE ORO,co-me
50,META,313,GRANADA,co-me
50,META,318,GUAMAL,co-me
50,META,325,MAPIRIPAN,co-me
50,META,330,MESETAS,co-me
50,META,350,LA MACARENA,co-me
50,META,370,URIBE,co-me
50,META,400,LEJANIAS,co-me
50,META,450,PUERTO CONCORDIA,co-me
50,META,568,PUERTO GAITAN,co-me
50,META,573,PUERTO LOPEZ,co-me
50,META,577,PUERTO LLERAS,co-me
50,META,590,PUERTO RICO,co-me
50,META,606,RESTREPO,co-me
50,META,680,SAN CARLOS DE GUAROA,co-me
50,META,683,SAN JUAN DE ARAMA,co-me
50,META,686,SAN JUANITO,co-me
50,META,689,SAN MARTIN,co-me
50,META,711,VISTAHERMOSA,co-me
52,NARIÑO,001,PASTO,co-na
52,NARIÑO,019,ALBAN,co-na
52,NARIÑO,022,ALDANA,co-na
52,NARIÑO,036,ANCUYA,co-na
52,NARIÑO,051,ARBOLEDA,co-na
52,NARIÑO,079,BARBACOAS,co-na
52,NARIÑO,083,BELEN,co-na
52,NARIÑO,110,BUESACO,co-na
52,NARIÑO,203,COLON,co-na
52,NARIÑO,207,CONSACA,co-na
52,NARIÑO,210,CONTADERO,co-na
52,NARIÑO,215,CORDOBA,co-na
52,NARIÑO,224,CUASPUD,co-na
52,NARIÑO,227,CUMBAL,co-na
52,NARIÑO,233,CUMBITARA,co-na
52,NARIÑO,240,CHACHAGsI,co-na
52,NARIÑO,250,EL CHARCO,co-na
52,NARIÑO,254,EL PEÑOL,co-na
52,NARIÑO,256,EL ROSARIO,co-na
52,NARIÑO,258,EL TABLON DE GOMEZ,co-na
52,NARIÑO,260,EL TAMBO,co-na
52,NARIÑO,287,FUNES,co-na
52,NARIÑO,317,GUACHUCAL,co-na
52,NARIÑO,320,GUAITARILLA,co-na
52,NARIÑO,323,GUALMATAN,co-na
52,NARIÑO,352,ILES,co-na
52,NARIÑO,354,IMUES,co-na
52,NARIÑO,356,IPIALES,co-na
52,NARIÑO,378,LA CRUZ,co-na
52,NARIÑO,381,LA FLORIDA,co-na
52,NARIÑO,385,LA LLANADA,co-na
52,NARIÑO,390,LA TOLA,co-na
52,NARIÑO,399,LA UNION,co-na
52,NARIÑO,405,LEIVA,co-na
52,NARIÑO,411,LINARES,co-na
52,NARIÑO,418,LOS ANDES,co-na
52,NARIÑO,427,MAGsI,co-na
52,NARIÑO,435,MALLAMA,co-na
52,NARIÑO,473,MOSQUERA,co-na
52,NARIÑO,480,NARIÑO,co-na
52,NARIÑO,490,OLAYA HERRERA,co-na
52,NARIÑO,506,OSPINA,co-na
52,NARIÑO,520,FRANCISCO PIZARRO,co-na
52,NARIÑO,540,POLICARPA,co-na
52,NARIÑO,560,POTOSI,co-na
52,NARIÑO,565,PROVIDENCIA,co-na
52,NARIÑO,573,PUERRES,co-na
52,NARIÑO,585,PUPIALES,co-na
52,NARIÑO,612,RICAURTE,co-na
52,NARIÑO,621,ROBERTO PAYAN,co-na
52,NARIÑO,678,SAMANIEGO,co-na
52,NARIÑO,683,SANDONA,co-na
52,NARIÑO,685,SAN BERNARDO,co-na
52,NARIÑO,687,SAN LORENZO,co-na
52,NARIÑO,693,SAN PABLO,co-na
52,NARIÑO,694,SAN PEDRO DE CARTAGO,co-na
52,NARIÑO,696,SANTA BARBARA,co-na
52,NARIÑO,699,SANTACRUZ,co-na
52,NARIÑO,720,SAPUYES,co-na
52,NARIÑO,786,TAMINANGO,co-na
52,NARIÑO,788,TANGUA,co-na
52,NARIÑO,835,SAN ANDRES DE TUMACO,co-na
52,NARIÑO,838,TUQUERRES,co-na
52,NARIÑO,885,YACUANQUER,co-na
54,NORTE DE SANTANDER,001,CUCUTA,co-ns
54,NORTE DE SANTANDER,003,ABREGO,co-ns
54,NORTE DE SANTANDER,051,ARBOLEDAS,co-ns
54,NORTE DE SANTANDER,099,BOCHALEMA,co-ns
54,NORTE DE SANTANDER,109,BUCARASICA,co-ns
54,NORTE DE SANTANDER,125,CACOTA,co-ns
54,NORTE DE SANTANDER,128,CACHIRA,co-ns
54,NORTE DE SANTANDER,172,CHINACOTA,co-ns
54,NORTE DE SANTANDER,174,CHITAGA,co-ns
54,NORTE DE SANTANDER,206,CONVENCION,co-ns
54,NORTE DE SANTANDER,223,CUCUTILLA,co-ns
54,NORTE DE SANTANDER,239,DURANIA,co-ns
54,NORTE DE SANTANDER,245,EL CARMEN,co-ns
54,NORTE DE SANTANDER,250,EL TARRA,co-ns
54,NORTE DE SANTANDER,261,EL ZULIA,co-ns
54,NORTE DE SANTANDER,313,GRAMALOTE,co-ns
54,NORTE DE SANTANDER,344,HACARI,co-ns
54,NORTE DE SANTANDER,347,HERRAN,co-ns
54,NORTE DE SANTANDER,377,LABATECA,co-ns
54,NORTE DE SANTANDER,385,LA ESPERANZA,co-ns
54,NORTE DE SANTANDER,398,LA PLAYA,co-ns
54,NORTE DE SANTANDER,405,LOS PATIOS,co-ns
54,NORTE DE SANTANDER,418,LOURDES,co-ns
54,NORTE DE SANTANDER,480,MUTISCUA,co-ns
54,NORTE DE SANTANDER,498,OCAÑA,co-ns
54,NORTE DE SANTANDER,518,PAMPLONA,co-ns
54,NORTE DE SANTANDER,520,PAMPLONITA,co-ns
54,NORTE DE SANTANDER,553,PUERTO SANTANDER,co-ns
54,NORTE DE SANTANDER,599,RAGONVALIA,co-ns
54,NORTE DE SANTANDER,660,SALAZAR,co-ns
54,NORTE DE SANTANDER,670,SAN CALIXTO,co-ns
54,NORTE DE SANTANDER,673,SAN CAYETANO,co-ns
54,NORTE DE SANTANDER,680,SANTIAGO,co-ns
54,NORTE DE SANTANDER,720,SARDINATA,co-ns
54,NORTE DE SANTANDER,743,SILOS,co-ns
54,NORTE DE SANTANDER,800,TEORAMA,co-ns
54,NORTE DE SANTANDER,810,TIBU,co-ns
54,NORTE DE SANTANDER,820,TOLEDO,co-ns
54,NORTE DE SANTANDER,871,VILLA CARO,co-ns
54,NORTE DE SANTANDER,874,VILLA DEL ROSARIO,co-ns
63,QUINDIO,001,ARMENIA,co-qd
63,QUINDIO,111,BUENAVISTA,co-qd
63,QUINDIO,130,CALARCA,co-qd
63,QUINDIO,190,CIRCASIA,co-qd
63,QUINDIO,212,CORDOBA,co-qd
63,QUINDIO,272,FILANDIA,co-qd
63,QUINDIO,302,GENOVA,co-qd
63,QUINDIO,401,LA TEBAIDA,co-qd
63,QUINDIO,470,MONTENEGRO,co-qd
63,QUINDIO,548,PIJAO,co-qd
63,QUINDIO,594,QUIMBAYA,co-qd
63,QUINDIO,690,SALENTO,co-qd
66,RISARALDA,001,PEREIRA,co-ri
66,RISARALDA,045,APIA,co-ri
66,RISARALDA,075,BALBOA,co-ri
66,RISARALDA,088,BELEN DE UMBRIA,co-ri
66,RISARALDA,170,DOSQUEBRADAS,co-ri
66,RISARALDA,318,GUATICA,co-ri
66,RISARALDA,383,LA CELIA,co-ri
66,RISARALDA,400,LA VIRGINIA,co-ri
66,RISARALDA,440,MARSELLA,co-ri
66,RISARALDA,456,MISTRATO,co-ri
66,RISARALDA,572,PUEBLO RICO,co-ri
66,RISARALDA,594,QUINCHIA,co-ri
66,RISARALDA,682,SANTA ROSA DE CABAL,co-ri
66,RISARALDA,687,SANTUARIO,co-ri
68,SANTANDER,001,BUCARAMANGA,co-st
68,SANTANDER,013,AGUADA,co-st
68,SANTANDER,020,ALBANIA,co-st
68,SANTANDER,051,ARATOCA,co-st
68,SANTANDER,077,BARBOSA,co-st
68,SANTANDER,079,BARICHARA,co-st
68,SANTANDER,081,BARRANCABERMEJA,co-st
68,SANTANDER,092,BETULIA,co-st
68,SANTANDER,101,BOLIVAR,co-st
68,SANTANDER,121,CABRERA,co-st
68,SANTANDER,132,CALIFORNIA,co-st
68,SANTANDER,147,CAPITANEJO,co-st
68,SANTANDER,152,CARCASI,co-st
68,SANTANDER,160,CEPITA,co-st
68,SANTANDER,162,CERRITO,co-st
68,SANTANDER,167,CHARALA,co-st
68,SANTANDER,169,CHARTA,co-st
68,SANTANDER,176,CHIMA,co-st
68,SANTANDER,179,CHIPATA,co-st
68,SANTANDER,190,CIMITARRA,co-st
68,SANTANDER,207,CONCEPCION,co-st
68,SANTANDER,209,CONFINES,co-st
68,SANTANDER,211,CONTRATACION,co-st
68,SANTANDER,217,COROMORO,co-st
68,SANTANDER,229,CURITI,co-st
68,SANTANDER,235,EL CARMEN DE CHUCURI,co-st
68,SANTANDER,245,EL GUACAMAYO,co-st
68,SANTANDER,250,EL PEÑON,co-st
68,SANTANDER,255,EL PLAYON,co-st
68,SANTANDER,264,ENCINO,co-st
68,SANTANDER,266,ENCISO,co-st
68,SANTANDER,271,FLORIAN,co-st
68,SANTANDER,276,FLORIDABLANCA,co-st
68,SANTANDER,296,GALAN,co-st
68,SANTANDER,298,GAMBITA,co-st
68,SANTANDER,307,GIRON,co-st
68,SANTANDER,318,GUACA,co-st
68,SANTANDER,320,GUADALUPE,co-st
68,SANTANDER,322,GUAPOTA,co-st
68,SANTANDER,324,GUAVATA,co-st
68,SANTANDER,327,GsEPSA,co-st
68,SANTANDER,344,HATO,co-st
68,SANTANDER,368,JESUS MARIA,co-st
68,SANTANDER,370,JORDAN,co-st
68,SANTANDER,377,LA BELLEZA,co-st
68,SANTANDER,385,LANDAZURI,co-st
68,SANTANDER,397,LA PAZ,co-st
68,SANTANDER,406,LEBRIJA,co-st
68,SANTANDER,418,LOS SANTOS,co-st
68,SANTANDER,425,MACARAVITA,co-st
68,SANTANDER,432,MALAGA,co-st
68,SANTANDER,444,MATANZA,co-st
68,SANTANDER,464,MOGOTES,co-st
68,SANTANDER,468,MOLAGAVITA,co-st
68,SANTANDER,498,OCAMONTE,co-st
68,SANTANDER,500,OIBA,co-st
68,SANTANDER,502,ONZAGA,co-st
68,SANTANDER,522,PALMAR,co-st
68,SANTANDER,524,PALMAS DEL SOCORRO,co-st
68,SANTANDER,533,PARAMO,co-st
68,SANTANDER,547,PIEDECUESTA,co-st
68,SANTANDER,549,PINCHOTE,co-st
68,SANTANDER,572,PUENTE NACIONAL,co-st
68,SANTANDER,573,PUERTO PARRA,co-st
68,SANTANDER,575,PUERTO WILCHES,co-st
68,SANTANDER,615,RIONEGRO,co-st
68,SANTANDER,655,SABANA DE TORRES,co-st
68,SANTANDER,669,SAN ANDRES,co-st
68,SANTANDER,673,SAN BENITO,co-st
68,SANTANDER,679,SAN GIL,co-st
68,SANTANDER,682,SAN JOAQUIN,co-st
68,SANTANDER,684,SAN JOSE DE MIRANDA,co-st
68,SANTANDER,686,SAN MIGUEL,co-st
68,SANTANDER,689,SAN VICENTE DE CHUCURI,co-st
68,SANTANDER,705,SANTA BARBARA,co-st
68,SANTANDER,720,SANTA HELENA DEL OPON,co-st
68,SANTANDER,745,SIMACOTA,co-st
68,SANTANDER,755,SOCORRO,co-st
68,SANTANDER,770,SUAITA,co-st
68,SANTANDER,773,SUCRE,co-st
68,SANTANDER,780,SURATA,co-st
68,SANTANDER,820,TONA,co-st
68,SANTANDER,855,VALLE DE SAN JOSE,co-st
68,SANTANDER,861,VELEZ,co-st
68,SANTANDER,867,VETAS,co-st
68,SANTANDER,872,VILLANUEVA,co-st
68,SANTANDER,895,ZAPATOCA,co-st
70,SUCRE,001,SINCELEJO,co-su
70,SUCRE,110,BUENAVISTA,co-su
70,SUCRE,124,CAIMITO,co-su
70,SUCRE,204,COLOSO,co-su
70,SUCRE,215,COROZAL,co-su
70,SUCRE,221,COVEÑAS,co-su
70,SUCRE,230,CHALAN,co-su
70,SUCRE,233,EL ROBLE,co-su
70,SUCRE,235,GALERAS,co-su
70,SUCRE,265,GUARANDA,co-su
70,SUCRE,400,LA UNION,co-su
70,SUCRE,418,LOS PALMITOS,co-su
70,SUCRE,429,MAJAGUAL,co-su
70,SUCRE,473,MORROA,co-su
70,SUCRE,508,OVEJAS,co-su
70,SUCRE,523,PALMITO,co-su
70,SUCRE,670,SAMPUES,co-su
70,SUCRE,678,SAN BENITO ABAD,co-su
70,SUCRE,702,SAN JUAN DE BETULIA,co-su
70,SUCRE,708,SAN MARCOS,co-su
70,SUCRE,713,SAN ONOFRE,co-su
70,SUCRE,717,SAN PEDRO,co-su
70,SUCRE,742,SAN LUIS DE SINCE,co-su
70,SUCRE,771,SUCRE,co-su
70,SUCRE,820,SANTIAGO DE TOLU,co-su
70,SUCRE,823,TOLU VIEJO,co-su
73,TOLIMA,001,IBAGUE,co-to
73,TOLIMA,024,ALPUJARRA,co-to
73,TOLIMA,026,ALVARADO,co-to
73,TOLIMA,030,AMBALEMA,co-to
73,TOLIMA,043,ANZOATEGUI,co-to
73,TOLIMA,055,ARMERO,co-to
73,TOLIMA,067,ATACO,co-to
73,TOLIMA,124,CAJAMARCA,co-to
73,TOLIMA,148,CARMEN DE APICALA,co-to
73,TOLIMA,152,CASABIANCA,co-to
73,TOLIMA,168,CHAPARRAL,co-to
73,TOLIMA,200,COELLO,co-to
73,TOLIMA,217,COYAIMA,co-to
73,TOLIMA,226,CUNDAY,co-to
73,TOLIMA,236,DOLORES,co-to
73,TOLIMA,268,ESPINAL,co-to
73,TOLIMA,270,FALAN,co-to
73,TOLIMA,275,FLANDES,co-to
73,TOLIMA,283,FRESNO,co-to
73,TOLIMA,319,GUAMO,co-to
73,TOLIMA,347,HERVEO,co-to
73,TOLIMA,349,HONDA,co-to
73,TOLIMA,352,ICONONZO,co-to
73,TOLIMA,408,LERIDA,co-to
73,TOLIMA,411,LIBANO,co-to
73,TOLIMA,443,MARIQUITA,co-to
73,TOLIMA,449,MELGAR,co-to
73,TOLIMA,461,MURILLO,co-to
73,TOLIMA,483,NATAGAIMA,co-to
73,TOLIMA,504,ORTEGA,co-to
73,TOLIMA,520,PALOCABILDO,co-to
73,TOLIMA,547,PIEDRAS,co-to
73,TOLIMA,555,PLANADAS,co-to
73,TOLIMA,563,PRADO,co-to
73,TOLIMA,585,PURIFICACION,co-to
73,TOLIMA,616,RIOBLANCO,co-to
73,TOLIMA,622,RONCESVALLES,co-to
73,TOLIMA,624,ROVIRA,co-to
73,TOLIMA,671,SALDAÑA,co-to
73,TOLIMA,675,SAN ANTONIO,co-to
73,TOLIMA,678,SAN LUIS,co-to
73,TOLIMA,686,SANTA ISABEL,co-to
73,TOLIMA,770,SUAREZ,co-to
73,TOLIMA,854,VALLE DE SAN JUAN,co-to
73,TOLIMA,861,VENADILLO,co-to
73,TOLIMA,870,VILLAHERMOSA,co-to
73,TOLIMA,873,VILLARRICA,co-to
73,TOLIMA,873,TOLIMA,co-to
76,VALLE DEL CAUCA,001,CALI,co-vc
76,VALLE DEL CAUCA,020,ALCALA,co-vc
76,VALLE DEL CAUCA,036,ANDALUCIA,co-vc
76,VALLE DEL CAUCA,041,ANSERMANUEVO,co-vc
76,VALLE DEL CAUCA,054,ARGELIA,co-vc
76,VALLE DEL CAUCA,100,BOLIVAR,co-vc
76,VALLE DEL CAUCA,109,BUENAVENTURA,co-vc
76,VALLE DEL CAUCA,111,BUGA,co-vc
76,VALLE DEL CAUCA,113,BUGALAGRANDE,co-vc
76,VALLE DEL CAUCA,122,CAICEDONIA,co-vc
76,VALLE DEL CAUCA,126,CALIMA,co-vc
76,VALLE DEL CAUCA,130,CANDELARIA,co-vc
76,VALLE DEL CAUCA,147,CARTAGO,co-vc
76,VALLE DEL CAUCA,233,DAGUA,co-vc
76,VALLE DEL CAUCA,243,EL AGUILA,co-vc
76,VALLE DEL CAUCA,246,EL CAIRO,co-vc
76,VALLE DEL CAUCA,248,EL CERRITO,co-vc
76,VALLE DEL CAUCA,250,EL DOVIO,co-vc
76,VALLE DEL CAUCA,275,FLORIDA,co-vc
76,VALLE DEL CAUCA,306,GINEBRA,co-vc
76,VALLE DEL CAUCA,318,GUACARI,co-vc
76,VALLE DEL CAUCA,364,JAMUNDI,co-vc
76,VALLE DEL CAUCA,377,LA CUMBRE,co-vc
76,VALLE DEL CAUCA,400,LA UNION,co-vc
76,VALLE DEL CAUCA,403,LA VICTORIA,co-vc
76,VALLE DEL CAUCA,497,OBANDO,co-vc
76,VALLE DEL CAUCA,520,PALMIRA,co-vc
76,VALLE DEL CAUCA,563,PRADERA,co-vc
76,VALLE DEL CAUCA,606,RESTREPO,co-vc
76,VALLE DEL CAUCA,616,RIOFRIO,co-vc
76,VALLE DEL CAUCA,622,ROLDANILLO,co-vc
76,VALLE DEL CAUCA,670,SAN PEDRO,co-vc
76,VALLE DEL CAUCA,736,SEVILLA,co-vc
76,VALLE DEL CAUCA,823,TORO,co-vc
76,VALLE DEL CAUCA,828,TRUJILLO,co-vc
76,VALLE DEL CAUCA,834,TULUA,co-vc
76,VALLE DEL CAUCA,845,ULLOA,co-vc
76,VALLE DEL CAUCA,863,VERSALLES,co-vc
76,VALLE DEL CAUCA,869,VIJES,co-vc
76,VALLE DEL CAUCA,890,YOTOCO,co-vc
76,VALLE DEL CAUCA,892,YUMBO,co-vc
76,VALLE DEL CAUCA,895,ZARZAL,co-vc
81,ARAUCA,001,ARAUCA,co-ar
81,ARAUCA,065,ARAUQUITA,co-ar
81,ARAUCA,220,CRAVO NORTE,co-ar
81,ARAUCA,300,FORTUL,co-ar
81,ARAUCA,591,PUERTO RONDON,co-ar
81,ARAUCA,736,SARAVENA,co-ar
81,ARAUCA,794,TAME,co-ar
85,CASANARE,001,YOPAL,co-cs
85,CASANARE,010,AGUAZUL,co-cs
85,CASANARE,015,CHAMEZA,co-cs
85,CASANARE,125,HATO COROZAL,co-cs
85,CASANARE,136,LA SALINA,co-cs
85,CASANARE,139,MANI,co-cs
85,CASANARE,162,MONTERREY,co-cs
85,CASANARE,225,NUNCHIA,co-cs
85,CASANARE,230,OROCUE,co-cs
85,CASANARE,250,PAZ DE ARIPORO,co-cs
85,CASANARE,263,PORE,co-cs
85,CASANARE,279,RECETOR,co-cs
85,CASANARE,300,SABANALARGA,co-cs
85,CASANARE,315,SACAMA,co-cs
85,CASANARE,325,SAN LUIS DE PALENQUE,co-cs
85,CASANARE,400,TAMARA,co-cs
85,CASANARE,410,TAURAMENA,co-cs
85,CASANARE,430,TRINIDAD,co-cs
85,CASANARE,440,VILLANUEVA,co-cs
86,PUTUMAYO,001,MOCOA,co-pu
86,PUTUMAYO,219,COLON,co-pu
86,PUTUMAYO,320,ORITO,co-pu
86,PUTUMAYO,568,PUERTO ASIS,co-pu
86,PUTUMAYO,569,PUERTO CAICEDO,co-pu
86,PUTUMAYO,571,PUERTO GUZMAN,co-pu
86,PUTUMAYO,573,LEGUIZAMO,co-pu
86,PUTUMAYO,749,SIBUNDOY,co-pu
86,PUTUMAYO,755,SAN FRANCISCO,co-pu
86,PUTUMAYO,757,SAN MIGUEL,co-pu
86,PUTUMAYO,760,SANTIAGO,co-pu
86,PUTUMAYO,865,VALLE DEL GUAMUEZ,co-pu
86,PUTUMAYO,885,VILLAGARZON,co-pu
88,SAN ANDRES,001,SAN ANDRES,
88,SAN ANDRES,564,PROVIDENCIA,
91,AMAZONAS,001,LETICIA,co-am
91,AMAZONAS,263,EL ENCANTO,co-am
91,AMAZONAS,405,LA CHORRERA,co-am
91,AMAZONAS,407,LA PEDRERA,co-am
91,AMAZONAS,430,"LA VICTORIA",co-am
91,AMAZONAS,460,MIRITI - PARANA,co-am
91,AMAZONAS,530,PUERTO ALEGRIA,co-am
91,AMAZONAS,536,PUERTO ARICA,co-am
91,AMAZONAS,540,PUERTO NARIÑO,co-am
91,AMAZONAS,669,PUERTO SANTANDER,co-am
91,AMAZONAS,798,TARAPACA,co-am
94,GUAINIA,001,INIRIDA,co-gn
94,GUAINIA,343,BARRANCO MINAS,co-gn
94,GUAINIA,663,"MAPIRIPANA",co-gn
94,GUAINIA,883,SAN FELIPE,co-gn
94,GUAINIA,884,PUERTO COLOMBIA,co-gn
94,GUAINIA,885,LA GUADALUPE,co-gn
94,GUAINIA,886,CACAHUAL,co-gn
94,GUAINIA,887,"PANA PANA",co-gn
94,GUAINIA,888,"MORICHAL",co-gn
95,GUAVIARE,001,SAN JOSE DEL GUAVIARE,co-gv
95,GUAVIARE,015,CALAMAR,co-gv
95,GUAVIARE,025,EL RETORNO,co-gv
95,GUAVIARE,200,MIRAFLORES,co-gv
97,VAUPES,001,MITU,co-vp
97,VAUPES,161,CARURU,co-vp
97,VAUPES,511,PACOA,co-vp
97,VAUPES,666,TARAIRA,co-vp
97,VAUPES,777,PAPUNAUA,co-vp
97,VAUPES,889,YAVARATE,co-vp
99,VICHADA,001,PUERTO CARREÑO,co-vd
99,VICHADA,524,LA PRIMAVERA,co-vd
99,VICHADA,624,SANTA ROSALIA,co-vd
99,VICHADA,773,CUMARIBO,co-vd
